{
  "movement": "single_leg_squat",
  "angles": {
    "left_knee_flexion": [
      179.00010152058513,
      178.99995426592997,
      178.99779249951487,
      178.9887489268023,
      178.9653708964202,
      178.91773653406293,
      178.83237262835203,
      178.68911619710732,
      178.45415747278153,
      178.06443018350535,
      177.38868363009277,
      176.11415092316284,
      173.33834685135878,
      165.57416722163182,
      134.5178454976343,
      90.0,
      134.5178454976343,
      165.57416722163182,
      173.33834685135886,
      176.11415092316312,
      177.38868363009294,
      178.06443018350535,
      178.45415747278153,
      178.68911619710732,
      178.83237262835203,
      178.91773653406293,
      178.9653708964202,
      178.9887489268023,
      178.99779249951487,
      178.99995426592997
    ],
    "right_knee_flexion": [
      179.00010152058513,
      178.99995426592997,
      178.99779249951487,
      178.9887489268023,
      178.9653708964202,
      178.91773653406293,
      178.83237262835203,
      178.68911619710732,
      178.45415747278153,
      178.06443018350535,
      177.38868363009277,
      176.11415092316284,
      173.33834685135878,
      165.57416722163182,
      134.5178454976343,
      90.0,
      134.5178454976343,
      165.57416722163182,
      173.33834685135886,
      176.11415092316312,
      177.38868363009294,
      178.06443018350535,
      178.45415747278153,
      178.68911619710732,
      178.83237262835203,
      178.91773653406293,
      178.9653708964202,
      178.9887489268023,
      178.99779249951487,
      178.99995426592997
    ],
    "left_hip_flexion": [
      176.00000000000006,
      176.00000000000006,
      176.00000000000006,
      176.00000000000006,
      176.00000000000006,
      176.00000000000006,
      176.00000000000006,
      176.00000000000006,
      176.00000000000006,
      176.00000000000006,
      176.00000000000006,
      176.00000000000006,
      176.00000000000006,
      176.00000000000006,
      176.00000000000006,
      176.00000000000006,
      176.00000000000006,
      176.00000000000006,
      176.00000000000006,
      176.00000000000006,
      176.00000000000006,
      176.00000000000006,
      176.00000000000006,
      176.00000000000006,
      176.00000000000006,
      176.00000000000006,
      176.00000000000006,
      176.00000000000006,
      176.00000000000006,
      176.00000000000006
    ],
    "right_hip_flexion": [
      176.00000000000006,
      176.00000000000006,
      176.00000000000006,
      176.00000000000006,
      176.00000000000006,
      176.00000000000006,
      176.00000000000006,
      176.00000000000006,
      176.00000000000006,
      176.00000000000006,
      176.00000000000006,
      176.00000000000006,
      176.00000000000006,
      176.00000000000006,
      176.00000000000006,
      176.00000000000006,
      176.00000000000006,
      176.00000000000006,
      176.00000000000006,
      176.00000000000006,
      176.00000000000006,
      176.00000000000006,
      176.00000000000006,
      176.00000000000006,
      176.00000000000006,
      176.00000000000006,
      176.00000000000006,
      176.00000000000006,
      176.00000000000006,
      176.00000000000006
    ],
    "left_knee_valgus": [
      0.49998730818737136,
      0.5000241275522855,
      0.5005640296478153,
      0.5028100857674526,
      0.5085237447048085,
      0.5197688062983462,
      0.5386846268323688,
      0.5672894296833545,
      0.6072378710591683,
      0.6594069782200035,
      0.7231929379096952,
      0.7955258952648073,
      0.8699251448008869,
      0.936378551276791,
      0.9830311040884188,
      0.9998984794148834,
      0.9830311040884188,
      0.936378551276791,
      0.8699251448004679,
      0.7955258952648073,
      0.7231929379096952,
      0.6594069782200035,
      0.6072378710603688,
      0.5672894296833545,
      0.5386846268323688,
      0.5197688062983462,
      0.5085237447048085,
      0.5028100857674526,
      0.5005640296478153,
      0.5000241275522855
    ],
    "right_knee_valgus": [
      0.49998730818737136,
      0.5000241275522855,
      0.5005640296478153,
      0.5028100857674526,
      0.5085237447048085,
      0.5197688062983462,
      0.5386846268323688,
      0.5672894296833545,
      0.6072378710591683,
      0.6594069782200035,
      0.7231929379096952,
      0.7955258952648073,
      0.8699251448008869,
      0.936378551276791,
      0.9830311040884188,
      0.9998984794148834,
      0.9830311040884188,
      0.936378551276791,
      0.8699251448004679,
      0.7955258952648073,
      0.7231929379096952,
      0.6594069782200035,
      0.6072378710603688,
      0.5672894296833545,
      0.5386846268323688,
      0.5197688062983462,
      0.5085237447048085,
      0.5028100857674526,
      0.5005640296478153,
      0.5000241275522855
    ],
    "trunk_lean": [
      3.99999999999995,
      3.99999999999995,
      3.99999999999995,
      3.99999999999995,
      3.99999999999995,
      3.99999999999995,
      3.99999999999995,
      3.99999999999995,
      3.99999999999995,
      3.99999999999995,
      3.99999999999995,
      3.99999999999995,
      3.99999999999995,
      3.99999999999995,
      3.99999999999995,
      3.99999999999995,
      3.99999999999995,
      3.99999999999995,
      3.99999999999995,
      3.99999999999995,
      3.99999999999995,
      3.99999999999995,
      3.99999999999995,
      3.99999999999995,
      3.99999999999995,
      3.99999999999995,
      3.99999999999995,
      3.99999999999995,
      3.99999999999995,
      3.99999999999995
    ]
  },
  "frame_rate": 30.0,
  "frames_per_rep": 30
}